CustomerID,Gender,Age,SignupDate,LastPurchaseDate,TotalSpend,PurchaseCount,AvgSessionDuration,SupportTickets,NewsletterSubscriber,CLV_High,TenureDays,RecencyDays,Monetary,Frequency,EngagementScore
1,Male,38,2023-03-23,2023-02-09,791.91,3,4.5,0,1,0,740,782,791.91,3,13.5
2,Female,49,2022-11-04,2024-03-25,591.57,5,5.4,1,1,0,879,372,591.57,5,27.0
3,Male,40,2022-09-06,2023-08-25,124.72,3,7.5,2,1,0,938,585,124.72,3,22.5
4,Male,50,2022-06-15,2023-10-08,42.99,9,7.7,0,1,0,1021,541,42.99,9,69.3
5,Male,20,2023-04-26,2023-12-25,570.5,6,4.0,3,1,0,706,463,570.5,6,24.0
6,Female,35,2022-12-01,2023-07-20,531.4,3,9.6,1,1,0,852,621,531.4,3,28.799999999999997
7,Male,42,2023-06-26,2023-09-03,159.59,4,8.4,2,1,0,645,576,159.59,4,33.6
8,Male,59,2022-04-16,2023-10-05,1506.58,7,5.2,0,1,1,1081,544,1506.58,7,36.4
9,Male,48,2023-07-17,2023-08-23,81.88,4,3.2,0,1,1,624,587,81.88,4,12.8
10,Female,20,2022-03-22,2023-01-04,283.11,11,6.6,0,1,1,1106,818,283.11,11,72.6
11,Male,57,2022-05-13,2023-06-03,1437.78,5,5.9,1,1,0,1054,668,1437.78,5,29.5
12,Male,63,2022-05-18,2024-03-17,272.13,6,7.3,0,1,0,1049,380,272.13,6,43.8
13,Male,41,2022-07-03,2023-01-29,508.78,4,6.1,0,1,0,1003,793,508.78,4,24.4
14,Male,67,2023-02-05,2023-04-19,253.41,3,2.0,2,1,0,786,713,253.41,3,6.0
15,Female,49,2022-11-26,2023-04-08,160.25,7,6.0,0,0,1,857,724,160.25,7,42.0
16,Male,64,2023-05-23,2023-08-03,2066.89,4,6.2,2,1,0,679,607,2066.89,4,24.8
17,Female,39,2022-03-10,2023-10-20,263.25,1,8.6,0,1,0,1118,529,263.25,1,8.6
18,Female,40,2023-06-30,2023-03-16,1122.63,6,5.3,0,0,0,641,747,1122.63,6,31.799999999999997
19,Female,19,2022-02-22,2023-11-22,130.65,7,11.2,0,1,0,1134,496,130.65,7,78.39999999999999
20,Male,44,2023-03-26,2023-05-26,119.83,9,2.2,2,0,0,737,676,119.83,9,19.8
21,Female,59,2022-07-24,2023-05-08,15.81,6,10.3,2,0,0,982,694,15.81,6,61.800000000000004
22,Male,19,2022-05-06,2023-12-07,527.3,10,6.4,1,0,0,1061,481,527.3,10,64.0
23,Female,43,2022-02-12,2023-02-11,229.85,8,9.1,0,1,1,1144,780,229.85,8,72.8
24,Female,34,2022-04-21,2023-12-22,998.87,5,7.2,1,1,0,1076,466,998.87,5,36.0
25,Female,57,2023-10-25,2023-02-10,320.48,11,9.8,0,1,1,524,781,320.48,11,107.80000000000001
26,Female,50,2022-07-02,2024-02-26,1724.04,2,6.0,2,1,1,1004,400,1724.04,2,12.0
27,Female,26,2022-04-05,2023-02-03,102.61,7,4.3,1,1,0,1092,788,102.61,7,30.099999999999998
28,Female,60,2023-01-09,2023-01-17,1014.84,5,10.6,3,1,1,813,805,1014.84,5,53.0
29,Female,65,2023-06-04,2023-06-14,749.39,5,6.7,2,1,0,667,657,749.39,5,33.5
30,Female,56,2022-12-26,2023-06-02,736.85,6,7.6,0,1,1,827,669,736.85,6,45.599999999999994
31,Male,46,2023-11-27,2024-01-13,931.47,6,10.1,0,0,0,491,444,931.47,6,60.599999999999994
32,Male,59,2022-10-08,2023-03-17,715.7,7,4.4,0,0,0,906,746,715.7,7,30.800000000000004
33,Female,43,2022-07-14,2023-03-28,492.04,9,8.5,1,1,0,992,735,492.04,9,76.5
34,Female,52,2022-07-14,2023-04-27,70.35,6,5.5,0,1,0,992,705,70.35,6,33.0
35,Female,67,2023-10-29,2023-12-28,16.53,3,6.7,1,0,1,520,460,16.53,3,20.1
36,Male,42,2022-04-03,2023-12-08,1268.19,9,7.2,1,0,0,1094,480,1268.19,9,64.8
37,Female,41,2023-11-03,2023-01-27,479.4,7,3.2,3,1,0,515,795,479.4,7,22.400000000000002
38,Male,30,2022-03-02,2023-11-09,796.14,1,5.1,1,1,0,1126,509,796.14,1,5.1
39,Male,24,2023-09-26,2023-10-14,328.43,9,10.4,0,1,1,553,535,328.43,9,93.60000000000001
40,Male,53,2022-02-20,2023-05-14,62.39,4,9.2,0,1,0,1136,688,62.39,4,36.8
41,Male,62,2023-02-07,2023-08-07,66.87,7,6.8,1,1,0,784,603,66.87,7,47.6
42,Male,37,2022-01-05,2023-06-17,578.49,4,7.6,1,1,0,1182,654,578.49,4,30.4
43,Female,18,2023-04-11,2023-04-08,281.33,5,6.3,1,1,1,721,724,281.33,5,31.5
44,Female,25,2023-08-27,2023-09-25,111.9,5,10.4,1,0,0,583,554,111.9,5,52.0
45,Female,63,2023-11-13,2023-08-25,338.24,4,6.5,0,1,0,505,585,338.24,4,26.0
46,Female,33,2023-06-18,2023-11-05,33.18,5,7.6,2,0,0,653,513,33.18,5,38.0
47,Female,31,2023-02-09,2024-03-30,436.1,6,9.9,0,0,1,782,367,436.1,6,59.400000000000006
48,Male,29,2023-05-28,2024-01-29,156.67,7,5.1,2,1,0,674,428,156.67,7,35.699999999999996
49,Female,68,2023-10-07,2023-06-22,798.65,5,10.9,0,1,0,542,649,798.65,5,54.5
50,Female,40,2022-08-21,2024-02-05,185.79,5,3.2,2,1,0,954,421,185.79,5,16.0
51,Male,32,2023-06-08,2024-02-14,303.69,5,11.1,1,0,1,663,412,303.69,5,55.5
52,Female,45,2022-12-12,2023-07-09,5.84,6,6.1,1,1,1,841,632,5.84,6,36.599999999999994
53,Male,51,2022-02-15,2023-05-02,37.6,5,6.4,2,1,0,1141,700,37.6,5,32.0
54,Female,19,2023-06-30,2023-02-15,249.2,8,2.3,3,1,0,641,776,249.2,8,18.4
55,Male,49,2022-03-19,2023-03-05,326.9,4,5.9,2,0,0,1109,758,326.9,4,23.6
56,Female,40,2023-12-31,2023-05-10,458.17,7,4.4,0,1,0,457,692,458.17,7,30.800000000000004
57,Female,39,2022-03-14,2023-11-06,172.42,9,5.5,1,1,0,1114,512,172.42,9,49.5
58,Male,68,2022-09-06,2023-12-29,593.69,10,6.7,1,0,0,938,459,593.69,10,67.0
59,Male,42,2022-02-16,2023-07-12,983.49,5,9.4,2,1,0,1140,629,983.49,5,47.0
60,Male,39,2022-05-01,2023-11-03,756.73,10,7.5,1,1,1,1066,515,756.73,10,75.0
61,Male,39,2022-08-02,2023-06-30,20.21,3,7.8,1,0,0,973,641,20.21,3,23.4
62,Male,66,2022-08-27,2023-10-19,327.45,6,4.3,1,0,0,948,530,327.45,6,25.799999999999997
63,Male,69,2022-02-25,2024-01-06,55.43,10,4.8,1,0,0,1131,451,55.43,10,48.0
64,Male,59,2022-12-16,2023-10-09,138.57,5,11.5,0,1,0,837,540,138.57,5,57.5
65,Male,23,2022-04-17,2023-01-29,2158.59,6,5.2,2,0,0,1080,793,2158.59,6,31.200000000000003
66,Female,32,2022-02-17,2023-05-29,76.86,8,11.1,1,1,0,1139,673,76.86,8,88.8
67,Female,60,2023-07-27,2023-09-24,345.46,7,6.4,0,1,0,614,555,345.46,7,44.800000000000004
68,Male,54,2022-12-03,2023-10-23,481.37,2,7.0,2,1,1,850,526,481.37,2,14.0
69,Female,50,2022-01-26,2023-01-11,606.11,11,9.7,1,0,1,1161,811,606.11,11,106.69999999999999
70,Female,25,2022-09-14,2023-06-13,410.09,7,10.2,1,0,0,930,658,410.09,7,71.39999999999999
71,Female,61,2022-01-08,2023-04-23,4.91,5,6.7,1,1,0,1179,709,4.91,5,33.5
72,Female,61,2023-09-17,2023-07-06,197.6,6,6.0,3,1,0,562,635,197.6,6,36.0
73,Male,22,2022-09-10,2023-10-22,364.61,6,6.9,1,1,0,934,527,364.61,6,41.400000000000006
74,Female,56,2023-11-23,2023-08-20,45.98,2,7.8,0,0,0,495,590,45.98,2,15.6
75,Male,21,2023-12-20,2023-08-15,215.87,5,9.2,0,1,1,468,595,215.87,5,46.0
76,Female,23,2022-10-30,2023-11-06,16.88,7,7.0,2,1,1,884,512,16.88,7,49.0
77,Female,62,2023-10-01,2023-04-08,40.92,6,8.5,1,0,1,548,724,40.92,6,51.0
78,Female,49,2022-02-25,2023-02-24,252.86,7,11.1,0,1,0,1131,767,252.86,7,77.7
79,Male,69,2023-12-27,2023-04-21,71.19,9,8.0,0,1,1,461,711,71.19,9,72.0
80,Female,47,2023-06-10,2023-06-01,419.13,6,7.8,1,0,1,661,670,419.13,6,46.8
81,Male,64,2023-04-19,2023-09-03,584.73,8,3.2,0,1,0,713,576,584.73,8,25.6
82,Female,52,2022-01-28,2024-02-10,806.19,3,0.4,2,1,0,1159,416,806.19,3,1.2000000000000002
83,Male,57,2022-03-19,2023-03-10,111.67,6,8.0,0,0,1,1109,753,111.67,6,48.0
84,Female,69,2022-08-04,2023-11-08,91.65,2,6.8,0,1,0,971,510,91.65,2,13.6
85,Male,33,2023-01-21,2023-10-16,55.22,1,5.7,2,1,0,801,533,55.22,1,5.7
86,Male,30,2022-12-31,2023-09-07,505.89,2,7.6,0,1,0,822,572,505.89,2,15.2
87,Female,67,2023-10-28,2023-02-05,612.9,6,6.8,2,0,0,521,786,612.9,6,40.8
88,Male,59,2023-06-10,2023-08-27,16.05,8,9.8,1,1,0,661,583,16.05,8,78.4
89,Female,47,2023-11-30,2023-05-28,1376.1,7,7.2,1,1,1,488,674,1376.1,7,50.4
90,Female,36,2022-11-08,2023-08-15,26.69,3,5.1,1,1,0,875,595,26.69,3,15.299999999999999
91,Female,34,2022-01-07,2023-09-01,389.68,3,9.5,2,0,0,1180,578,389.68,3,28.5
92,Female,36,2022-01-03,2023-12-03,617.32,6,6.5,3,1,0,1184,485,617.32,6,39.0
93,Female,45,2023-09-15,2024-03-21,1023.85,3,8.3,3,1,0,564,376,1023.85,3,24.900000000000002
94,Female,43,2022-12-29,2023-12-31,626.03,6,5.8,2,1,0,824,457,626.03,6,34.8
95,Female,54,2023-05-23,2023-07-20,809.06,7,5.4,1,1,0,679,621,809.06,7,37.800000000000004
96,Female,43,2022-10-01,2023-06-03,207.34,2,7.2,0,0,0,913,668,207.34,2,14.4
97,Female,40,2023-05-21,2024-03-25,843.23,4,7.0,1,0,0,681,372,843.23,4,28.0
98,Female,26,2022-01-15,2023-03-14,41.75,8,8.2,1,1,0,1172,749,41.75,8,65.6
99,Female,29,2022-07-11,2023-07-20,1126.03,9,6.3,1,0,0,995,621,1126.03,9,56.699999999999996
100,Male,18,2023-09-23,2023-10-23,396.59,7,2.4,0,1,0,556,526,396.59,7,16.8
101,Male,18,2023-04-30,2023-01-17,849.95,4,5.9,0,0,0,702,805,849.95,4,23.6
102,Female,64,2022-01-28,2023-05-09,301.03,5,9.0,2,1,1,1159,693,301.03,5,45.0
103,Female,51,2023-12-15,2023-08-05,515.82,7,6.3,1,1,0,473,605,515.82,7,44.1
104,Female,49,2022-02-08,2023-03-02,373.7,5,6.4,1,1,0,1148,761,373.7,5,32.0
105,Female,65,2022-09-30,2024-03-02,657.62,2,9.5,1,1,0,914,395,657.62,2,19.0
106,Female,42,2022-08-19,2023-04-14,42.58,3,5.2,1,0,0,956,718,42.58,3,15.600000000000001
107,Female,57,2022-03-27,2023-02-11,31.13,10,3.1,2,1,1,1101,780,31.13,10,31.0
108,Female,62,2023-04-19,2023-01-25,141.91,7,6.6,1,0,0,713,797,141.91,7,46.199999999999996
109,Female,18,2022-05-06,2023-02-08,86.91,4,5.8,2,1,0,1061,783,86.91,4,23.2
110,Male,33,2023-06-21,2023-10-18,1027.02,6,4.6,2,1,0,650,531,1027.02,6,27.599999999999998
111,Female,56,2022-05-25,2023-05-11,123.73,9,6.6,1,1,0,1042,691,123.73,9,59.4
112,Male,22,2023-06-09,2023-08-17,1862.05,4,8.2,3,1,1,662,593,1862.05,4,32.8
113,Female,39,2022-07-31,2023-04-18,205.41,9,7.0,1,1,0,975,714,205.41,9,63.0
114,Female,46,2022-01-25,2023-06-21,100.52,9,7.8,0,1,0,1162,650,100.52,9,70.2
115,Male,20,2023-08-03,2024-03-10,779.61,10,11.5,1,1,0,607,387,779.61,10,115.0
116,Female,29,2023-01-29,2023-04-12,537.51,8,6.1,0,1,0,793,720,537.51,8,48.8
117,Male,43,2022-03-08,2023-12-20,344.77,5,7.7,1,0,1,1120,468,344.77,5,38.5
118,Female,33,2022-08-21,2023-01-12,405.25,6,5.7,1,1,0,954,810,405.25,6,34.2
119,Female,68,2022-04-19,2023-10-02,635.06,4,4.9,0,1,0,1078,547,635.06,4,19.6
120,Male,54,2022-05-26,2023-04-11,129.68,4,5.5,0,0,0,1041,721,129.68,4,22.0
121,Female,39,2022-04-21,2023-02-13,2804.32,10,5.8,1,0,0,1076,778,2804.32,10,58.0
122,Male,46,2022-08-16,2024-03-18,1840.32,4,7.9,1,0,0,959,379,1840.32,4,31.6
123,Female,31,2022-04-21,2023-11-01,525.38,4,12.9,1,1,0,1076,517,525.38,4,51.6
124,Male,45,2023-04-15,2024-03-20,111.29,7,5.2,1,0,0,717,377,111.29,7,36.4
125,Male,22,2022-02-03,2023-01-17,570.07,3,6.0,1,0,0,1153,805,570.07,3,18.0
126,Female,64,2023-09-15,2023-11-26,37.47,8,6.8,2,0,0,564,492,37.47,8,54.4
127,Female,66,2023-01-04,2023-02-26,15.57,8,8.0,2,1,1,818,765,15.57,8,64.0
128,Male,47,2023-08-18,2023-11-07,148.99,7,7.7,1,1,0,592,511,148.99,7,53.9
129,Female,63,2023-07-08,2023-10-30,310.53,5,10.2,2,1,0,633,519,310.53,5,51.0
130,Female,69,2023-03-01,2023-01-12,1013.51,4,0.9,3,1,0,762,810,1013.51,4,3.6
131,Female,22,2023-09-05,2023-11-14,649.45,0,1.0,2,1,0,574,504,649.45,0,0.0
132,Male,29,2023-06-02,2023-03-21,678.77,4,5.8,2,0,0,669,742,678.77,4,23.2
133,Male,33,2023-11-23,2023-08-04,277.12,2,9.7,2,0,1,495,606,277.12,2,19.4
134,Male,43,2022-10-09,2023-12-05,212.27,4,3.1,1,0,0,905,483,212.27,4,12.4
135,Male,43,2022-11-16,2023-09-21,231.84,8,-0.5,1,0,0,867,558,231.84,8,-4.0
136,Male,65,2023-03-19,2023-05-29,2197.03,5,8.4,0,1,0,744,673,2197.03,5,42.0
137,Male,38,2022-11-11,2023-03-22,20.47,8,7.6,2,1,0,872,741,20.47,8,60.8
138,Male,56,2023-01-12,2023-08-03,1008.82,6,4.3,0,1,0,810,607,1008.82,6,25.799999999999997
139,Male,53,2022-10-16,2024-01-09,432.18,4,4.5,0,1,1,898,448,432.18,4,18.0
140,Male,50,2023-03-13,2023-07-17,288.67,9,4.6,1,1,0,750,624,288.67,9,41.4
141,Female,47,2023-10-24,2023-07-19,645.96,6,7.3,0,0,0,525,622,645.96,6,43.8
142,Male,54,2022-10-04,2023-01-25,333.42,6,5.4,1,0,0,910,797,333.42,6,32.400000000000006
143,Female,40,2023-12-11,2023-03-30,1033.45,4,8.2,0,1,0,477,733,1033.45,4,32.8
144,Female,27,2023-08-05,2023-09-25,1154.81,2,-0.1,0,1,0,605,554,1154.81,2,-0.2
145,Female,22,2023-05-18,2023-05-23,273.85,6,4.9,1,0,0,684,679,273.85,6,29.400000000000002
146,Male,53,2023-09-16,2023-02-28,162.05,9,4.2,0,1,0,563,763,162.05,9,37.800000000000004
147,Male,51,2023-05-31,2024-02-14,448.67,3,6.4,2,1,0,671,412,448.67,3,19.200000000000003
148,Male,69,2022-12-16,2023-12-31,1217.28,2,5.7,0,1,0,837,457,1217.28,2,11.4
149,Male,48,2023-03-22,2023-01-26,118.28,4,9.0,0,1,0,741,796,118.28,4,36.0
150,Female,27,2022-12-16,2023-02-16,487.71,7,2.4,1,1,0,837,775,487.71,7,16.8
151,Male,36,2023-08-30,2023-10-15,499.24,4,7.1,0,0,0,580,534,499.24,4,28.4
152,Male,49,2023-10-26,2023-09-23,660.47,4,8.4,1,1,0,523,556,660.47,4,33.6
153,Male,18,2022-05-17,2023-01-16,70.53,8,11.6,1,0,0,1050,806,70.53,8,92.8
154,Male,22,2022-08-31,2023-07-18,629.08,5,5.8,0,1,0,944,623,629.08,5,29.0
155,Male,62,2023-06-27,2024-02-05,1198.63,8,7.8,1,1,1,644,421,1198.63,8,62.4
156,Female,21,2022-02-09,2024-02-11,99.03,4,2.5,1,1,0,1147,415,99.03,4,10.0
157,Male,33,2022-08-17,2023-10-09,135.6,6,1.0,1,1,0,958,540,135.6,6,6.0
158,Female,41,2023-07-02,2023-03-27,1777.09,6,9.1,1,1,0,639,736,1777.09,6,54.599999999999994
159,Male,33,2022-08-11,2023-09-07,99.82,3,7.0,1,1,0,964,572,99.82,3,21.0
160,Female,19,2022-01-06,2024-01-26,963.39,7,9.9,1,1,0,1181,431,963.39,7,69.3
161,Male,66,2022-11-18,2023-09-27,338.91,8,3.6,0,1,0,865,552,338.91,8,28.8
162,Male,45,2023-04-13,2023-12-01,142.0,11,8.3,1,1,0,719,487,142.0,11,91.30000000000001
163,Female,49,2022-03-16,2023-04-27,1023.0,8,11.7,0,0,0,1112,705,1023.0,8,93.6
164,Female,44,2022-01-04,2023-01-07,294.67,3,8.0,2,1,0,1183,815,294.67,3,24.0
165,Female,37,2023-10-08,2023-05-17,361.61,6,7.7,2,1,1,541,685,361.61,6,46.2
166,Male,41,2022-04-28,2024-01-06,222.54,3,7.0,3,0,0,1069,451,222.54,3,21.0
167,Female,29,2023-08-29,2023-06-25,449.41,6,3.1,1,0,0,581,646,449.41,6,18.6
168,Male,67,2023-05-19,2023-11-24,89.28,9,10.4,0,1,0,683,494,89.28,9,93.60000000000001
169,Male,52,2023-07-28,2023-11-11,248.04,5,5.5,0,0,0,613,507,248.04,5,27.5
170,Female,50,2023-03-17,2023-08-03,1743.58,2,8.3,3,1,0,746,607,1743.58,2,16.6
171,Female,50,2022-07-13,2023-03-23,149.29,8,3.1,0,1,0,993,740,149.29,8,24.8
172,Male,68,2023-12-16,2023-08-11,534.63,9,4.1,0,1,0,472,599,534.63,9,36.9
173,Male,60,2023-01-27,2024-01-07,196.66,5,10.6,0,0,0,795,450,196.66,5,53.0
174,Female,54,2022-01-26,2024-02-27,742.45,7,6.1,1,1,1,1161,399,742.45,7,42.699999999999996
175,Female,29,2023-03-11,2024-02-06,70.13,7,10.6,1,1,1,752,420,70.13,7,74.2
176,Female,20,2022-06-22,2024-03-18,1750.31,2,6.8,0,1,0,1014,379,1750.31,2,13.6
177,Male,18,2022-10-27,2023-04-13,302.38,5,2.4,0,1,0,887,719,302.38,5,12.0
178,Male,50,2023-10-07,2023-09-30,134.63,2,9.2,2,1,0,542,549,134.63,2,18.4
179,Male,57,2022-11-22,2023-01-14,38.17,9,5.5,2,1,0,861,808,38.17,9,49.5
180,Male,27,2023-02-14,2023-06-08,93.02,10,8.7,0,1,0,777,663,93.02,10,87.0
181,Male,60,2022-04-28,2023-06-01,366.75,6,7.1,2,1,0,1069,670,366.75,6,42.599999999999994
182,Male,61,2023-12-25,2023-04-18,205.49,6,3.1,1,1,1,463,714,205.49,6,18.6
183,Female,46,2022-08-13,2023-07-07,882.7,13,7.4,2,1,0,962,634,882.7,13,96.2
184,Male,30,2023-06-16,2023-10-28,281.84,10,12.5,1,0,0,655,521,281.84,10,125.0
185,Male,29,2022-04-23,2023-04-08,142.98,5,8.2,0,0,0,1074,724,142.98,5,41.0
186,Male,48,2022-05-20,2023-05-11,480.05,8,6.9,0,1,1,1047,691,480.05,8,55.2
187,Female,63,2023-07-13,2023-10-20,613.41,7,9.7,0,1,0,628,529,613.41,7,67.89999999999999
188,Male,19,2022-01-01,2023-06-20,91.39,7,7.5,2,1,0,1186,651,91.39,7,52.5
189,Male,68,2022-03-31,2024-02-28,91.73,5,7.5,1,1,0,1097,398,91.73,5,37.5
190,Female,67,2023-10-16,2023-07-02,18.68,4,4.3,0,0,1,533,639,18.68,4,17.2
191,Male,52,2022-11-16,2023-12-30,666.67,6,7.6,0,1,0,867,458,666.67,6,45.599999999999994
192,Male,40,2023-07-04,2023-02-08,545.03,4,9.6,1,0,1,637,783,545.03,4,38.4
193,Male,34,2022-05-19,2023-01-15,321.83,7,4.9,1,1,0,1048,807,321.83,7,34.300000000000004
194,Male,43,2023-05-26,2024-01-11,929.5,4,10.6,1,1,0,676,446,929.5,4,42.4
195,Male,25,2022-09-16,2023-01-04,819.1,6,6.8,0,1,0,928,818,819.1,6,40.8
196,Female,46,2023-11-04,2023-12-15,440.17,5,4.8,0,1,0,514,473,440.17,5,24.0
197,Female,43,2023-11-21,2024-02-13,1013.51,5,9.5,1,1,0,497,413,1013.51,5,47.5
198,Female,27,2022-01-10,2024-02-01,115.24,3,6.3,2,1,1,1177,425,115.24,3,18.9
199,Male,43,2022-09-18,2023-07-29,59.35,4,8.9,1,0,0,926,612,59.35,4,35.6
200,Male,51,2023-10-12,2023-06-10,157.18,10,6.3,0,0,0,537,661,157.18,10,63.0
201,Male,68,2022-06-21,2023-01-16,29.39,8,6.9,0,1,0,1015,806,29.39,8,55.2
202,Female,58,2022-01-13,2024-03-01,378.76,2,8.2,1,1,0,1174,396,378.76,2,16.4
203,Male,24,2022-06-17,2023-04-18,1379.19,7,7.7,0,1,0,1019,714,1379.19,7,53.9
204,Male,21,2023-10-04,2024-01-17,20.07,2,2.0,1,1,0,545,440,20.07,2,4.0
205,Female,67,2023-08-19,2024-03-25,65.12,6,4.2,2,1,0,591,372,65.12,6,25.200000000000003
206,Male,62,2022-11-17,2023-11-07,300.92,6,9.3,0,1,0,866,511,300.92,6,55.800000000000004
207,Female,28,2022-11-15,2023-08-15,1358.1,3,6.7,0,1,1,868,595,1358.1,3,20.1
208,Female,46,2023-09-05,2023-06-19,190.01,3,5.7,2,0,0,574,652,190.01,3,17.1
209,Female,53,2022-11-25,2023-02-03,353.86,11,3.6,2,0,1,858,788,353.86,11,39.6
210,Male,42,2023-07-04,2024-02-18,21.23,7,4.3,0,1,0,637,408,21.23,7,30.099999999999998
211,Male,38,2023-02-23,2023-09-08,80.29,8,1.9,1,0,0,768,571,80.29,8,15.2
212,Male,53,2023-08-29,2023-09-04,2157.38,7,6.7,0,0,0,581,575,2157.38,7,46.9
213,Male,27,2022-04-05,2023-09-26,1677.9,3,5.5,1,0,0,1092,553,1677.9,3,16.5
214,Male,54,2023-08-04,2023-05-21,2.48,4,4.6,2,1,1,606,681,2.48,4,18.4
215,Male,26,2022-11-14,2023-10-01,1516.32,4,6.8,1,1,0,869,548,1516.32,4,27.2
216,Male,41,2022-08-24,2024-02-20,509.6,6,7.9,0,1,0,951,406,509.6,6,47.400000000000006
217,Female,52,2022-11-30,2023-04-06,1012.17,5,12.2,1,1,1,853,726,1012.17,5,61.0
218,Male,66,2023-01-11,2023-08-15,303.25,11,3.2,1,1,0,811,595,303.25,11,35.2
219,Female,52,2023-04-04,2024-01-14,362.42,10,9.9,1,1,0,728,443,362.42,10,99.0
220,Male,65,2022-05-17,2023-02-08,335.54,5,9.4,2,0,0,1050,783,335.54,5,47.0
221,Male,53,2023-08-11,2023-10-29,549.6,1,5.1,0,0,1,599,520,549.6,1,5.1
222,Male,35,2023-07-01,2023-01-29,75.21,5,7.5,1,1,0,640,793,75.21,5,37.5
223,Female,66,2023-05-28,2024-03-21,15.22,4,5.9,2,1,0,674,376,15.22,4,23.6
224,Female,56,2022-10-23,2023-11-14,184.03,4,7.5,0,1,0,891,504,184.03,4,30.0
225,Female,49,2022-11-16,2023-09-02,609.85,7,10.8,0,1,1,867,577,609.85,7,75.60000000000001
226,Female,41,2023-07-26,2023-08-24,112.73,9,8.5,1,1,0,615,586,112.73,9,76.5
227,Male,40,2022-12-15,2023-07-04,559.56,4,8.3,2,0,0,838,637,559.56,4,33.2
228,Female,49,2022-08-17,2023-09-29,1751.82,6,5.9,2,0,0,958,550,1751.82,6,35.400000000000006
229,Male,54,2022-09-27,2024-03-15,49.3,6,3.3,0,0,1,917,382,49.3,6,19.799999999999997
230,Male,29,2022-10-18,2023-08-24,558.29,5,6.5,1,0,1,896,586,558.29,5,32.5
231,Female,66,2023-12-26,2023-08-27,293.27,8,10.0,2,1,1,462,583,293.27,8,80.0
232,Female,30,2022-06-14,2024-01-12,1013.02,6,3.2,2,0,0,1022,445,1013.02,6,19.200000000000003
233,Female,40,2022-01-05,2023-09-23,97.49,4,4.4,2,0,0,1182,556,97.49,4,17.6
234,Female,42,2023-01-14,2024-02-18,589.84,7,7.3,1,1,0,808,408,589.84,7,51.1
235,Female,52,2022-03-19,2024-02-13,910.44,5,4.5,2,1,1,1109,413,910.44,5,22.5
236,Female,58,2023-02-14,2023-12-25,1446.72,2,5.0,1,0,0,777,463,1446.72,2,10.0
237,Female,47,2023-07-28,2023-12-06,574.82,2,5.9,0,0,0,613,482,574.82,2,11.8
238,Female,34,2022-05-12,2024-01-24,343.76,10,3.6,0,1,1,1055,433,343.76,10,36.0
239,Male,66,2023-08-24,2023-03-06,480.97,10,4.6,1,1,0,586,757,480.97,10,46.0
240,Female,37,2022-02-11,2023-06-26,1015.92,7,8.8,2,1,0,1145,645,1015.92,7,61.60000000000001
241,Female,65,2022-03-30,2023-01-03,422.69,6,3.7,0,1,0,1098,819,422.69,6,22.200000000000003
242,Male,42,2023-02-06,2024-03-04,15.43,6,3.0,0,1,0,785,393,15.43,6,18.0
243,Female,39,2022-10-23,2023-05-22,1336.45,6,5.4,1,1,1,891,680,1336.45,6,32.400000000000006
244,Male,30,2022-10-22,2024-01-11,584.83,8,8.8,4,1,0,892,446,584.83,8,70.4
245,Male,36,2023-09-08,2023-06-07,564.3,4,6.5,0,1,0,571,664,564.3,4,26.0
246,Female,66,2023-06-10,2023-11-20,121.47,3,5.8,1,0,0,661,498,121.47,3,17.4
247,Male,53,2023-11-22,2023-05-26,537.77,6,7.1,1,1,0,496,676,537.77,6,42.599999999999994
248,Male,29,2023-09-29,2024-03-21,250.33,7,2.6,1,1,0,550,376,250.33,7,18.2
249,Male,58,2023-02-26,2023-10-20,526.68,7,8.2,1,0,0,765,529,526.68,7,57.39999999999999
250,Male,36,2022-01-23,2023-06-02,56.36,2,8.0,0,1,0,1164,669,56.36,2,16.0
251,Female,29,2023-07-29,2024-03-07,536.25,6,6.0,1,0,0,612,390,536.25,6,36.0
252,Male,26,2022-05-23,2023-07-12,3720.86,8,9.5,2,1,0,1044,629,3720.86,8,76.0
253,Female,24,2023-10-27,2024-03-12,24.71,11,4.2,1,1,0,522,385,24.71,11,46.2
254,Male,45,2022-05-25,2023-03-14,1889.93,8,9.8,2,1,1,1042,749,1889.93,8,78.4
255,Male,31,2022-08-13,2024-02-03,261.2,9,7.4,2,1,1,962,423,261.2,9,66.60000000000001
256,Male,48,2023-05-18,2023-11-01,1023.02,5,6.2,2,0,1,684,517,1023.02,5,31.0
257,Male,69,2023-09-08,2024-01-12,762.52,4,7.0,2,1,0,571,445,762.52,4,28.0
258,Female,36,2022-04-14,2023-12-10,418.53,10,6.7,0,1,0,1083,478,418.53,10,67.0
259,Female,64,2022-02-08,2024-03-27,670.56,5,10.1,1,1,0,1148,370,670.56,5,50.5
260,Male,33,2022-07-17,2023-05-20,1053.98,2,4.3,1,1,0,989,682,1053.98,2,8.6
261,Male,22,2023-10-08,2023-07-06,258.88,9,5.1,2,1,0,541,635,258.88,9,45.9
262,Female,52,2023-08-02,2023-10-20,198.03,8,9.6,1,1,0,608,529,198.03,8,76.8
263,Male,29,2023-01-26,2023-03-02,550.7,6,5.5,0,0,1,796,761,550.7,6,33.0
264,Male,42,2022-06-28,2024-03-02,824.73,3,9.3,2,1,0,1008,395,824.73,3,27.900000000000002
265,Male,69,2023-07-08,2024-01-15,718.34,3,11.2,1,1,0,633,442,718.34,3,33.599999999999994
266,Female,38,2023-03-24,2023-07-17,799.28,8,6.0,0,1,1,739,624,799.28,8,48.0
267,Female,53,2023-05-15,2023-10-22,285.98,4,8.7,0,0,0,687,527,285.98,4,34.8
268,Female,40,2022-01-15,2024-03-15,851.42,3,4.1,3,0,1,1172,382,851.42,3,12.299999999999999
269,Male,33,2023-09-15,2023-11-15,64.04,4,8.9,0,1,1,564,503,64.04,4,35.6
270,Male,56,2023-10-31,2023-10-29,393.17,6,7.5,1,1,1,518,520,393.17,6,45.0
271,Female,62,2022-10-16,2023-12-10,2.89,5,8.2,1,1,0,898,478,2.89,5,41.0
272,Female,59,2023-04-23,2023-01-11,196.21,7,5.4,0,1,0,709,811,196.21,7,37.800000000000004
273,Female,56,2022-08-19,2023-03-03,228.22,10,2.8,0,1,0,956,760,228.22,10,28.0
274,Female,31,2023-02-24,2023-11-29,252.23,8,8.3,2,1,0,767,489,252.23,8,66.4
275,Male,48,2022-06-06,2023-08-14,594.49,7,1.8,0,0,0,1030,596,594.49,7,12.6
276,Female,22,2023-07-04,2023-06-02,245.97,5,6.2,0,1,0,637,669,245.97,5,31.0
277,Male,52,2023-03-17,2023-07-18,297.73,5,9.4,2,0,0,746,623,297.73,5,47.0
278,Female,40,2022-04-07,2023-02-21,135.61,6,7.5,0,1,0,1090,770,135.61,6,45.0
279,Male,46,2023-02-15,2023-09-17,233.61,6,11.9,1,1,1,776,562,233.61,6,71.4
280,Female,60,2022-10-16,2023-02-28,128.91,3,9.6,0,1,1,898,763,128.91,3,28.799999999999997
281,Female,28,2022-09-11,2023-03-13,38.01,7,5.4,1,1,0,933,750,38.01,7,37.800000000000004
282,Female,35,2022-07-15,2023-05-28,462.47,4,7.1,0,1,0,991,674,462.47,4,28.4
283,Female,64,2023-08-21,2023-12-15,551.63,7,6.9,2,1,1,589,473,551.63,7,48.300000000000004
284,Male,29,2023-06-06,2023-03-04,483.12,6,3.0,1,0,0,665,759,483.12,6,18.0
285,Female,26,2023-06-01,2023-11-06,311.34,7,4.6,0,1,1,670,512,311.34,7,32.199999999999996
286,Male,27,2023-09-27,2024-01-08,238.85,4,5.6,3,0,1,552,449,238.85,4,22.4
287,Male,61,2022-04-28,2023-08-31,995.11,3,1.9,1,1,0,1069,579,995.11,3,5.699999999999999
288,Male,34,2022-06-08,2024-01-01,366.03,4,7.1,3,0,1,1028,456,366.03,4,28.4
289,Male,55,2022-08-16,2023-11-26,326.18,6,6.4,2,0,0,959,492,326.18,6,38.400000000000006
290,Female,24,2022-08-04,2023-04-17,12.99,5,2.8,0,1,0,971,715,12.99,5,14.0
291,Male,63,2023-11-27,2023-08-14,208.7,5,8.0,1,1,0,491,596,208.7,5,40.0
292,Male,30,2022-01-15,2023-11-09,239.18,12,8.8,1,1,0,1172,509,239.18,12,105.60000000000001
293,Male,57,2022-06-06,2023-08-06,254.43,6,7.6,1,0,1,1030,604,254.43,6,45.599999999999994
294,Female,59,2023-10-10,2024-02-29,433.96,4,6.2,0,1,0,539,397,433.96,4,24.8
295,Female,26,2022-09-18,2023-08-29,381.36,6,8.5,2,0,0,926,581,381.36,6,51.0
296,Female,67,2022-06-06,2023-09-16,468.13,6,8.7,0,1,0,1030,563,468.13,6,52.199999999999996
297,Female,44,2022-02-16,2024-01-11,723.84,9,7.8,2,1,1,1140,446,723.84,9,70.2
298,Male,19,2022-11-20,2023-09-19,838.29,9,4.9,0,1,1,863,560,838.29,9,44.1
299,Male,22,2023-11-16,2023-01-05,633.14,5,7.7,4,1,1,502,817,633.14,5,38.5
300,Female,46,2022-05-10,2023-09-18,1556.4,7,10.0,1,1,0,1057,561,1556.4,7,70.0
301,Male,54,2023-02-15,2023-02-23,9.2,10,5.5,0,1,0,776,768,9.2,10,55.0
302,Male,55,2022-04-05,2023-02-16,108.94,2,12.2,1,1,0,1092,775,108.94,2,24.4
303,Male,36,2023-09-19,2023-08-03,3.8,5,5.7,2,1,0,560,607,3.8,5,28.5
304,Female,25,2022-10-19,2023-06-26,521.32,5,7.1,1,1,0,895,645,521.32,5,35.5
305,Female,65,2022-10-10,2023-01-09,1141.54,5,5.3,1,0,0,904,813,1141.54,5,26.5
306,Male,62,2022-03-10,2023-04-09,139.51,7,7.6,2,1,0,1118,723,139.51,7,53.199999999999996
307,Female,18,2023-10-22,2023-01-20,1308.88,4,2.6,1,1,1,527,802,1308.88,4,10.4
308,Female,39,2022-01-11,2024-01-13,31.08,7,5.6,2,1,0,1176,444,31.08,7,39.199999999999996
309,Female,69,2022-09-11,2023-08-29,1362.36,4,4.3,1,0,0,933,581,1362.36,4,17.2
310,Female,34,2023-07-04,2023-03-02,216.64,8,7.3,1,0,0,637,761,216.64,8,58.4
311,Female,24,2022-05-14,2024-01-14,53.47,5,9.5,1,1,1,1053,443,53.47,5,47.5
312,Male,42,2023-12-13,2024-02-23,332.64,7,8.6,0,1,1,475,403,332.64,7,60.199999999999996
313,Female,62,2022-01-23,2023-06-27,148.38,5,1.1,2,0,1,1164,644,148.38,5,5.5
314,Male,21,2022-12-12,2023-12-04,167.65,8,12.1,0,1,0,841,484,167.65,8,96.8
315,Male,53,2022-10-29,2023-03-03,183.57,5,7.7,1,1,1,885,760,183.57,5,38.5
316,Female,23,2022-12-29,2023-05-25,812.34,3,5.1,0,1,0,824,677,812.34,3,15.299999999999999
317,Male,48,2023-01-31,2023-08-04,387.35,8,7.4,1,0,0,791,606,387.35,8,59.2
318,Male,36,2022-08-06,2023-01-03,186.48,12,7.4,2,0,1,969,819,186.48,12,88.80000000000001
319,Male,61,2022-05-21,2023-06-09,471.23,10,5.3,2,1,0,1046,662,471.23,10,53.0
320,Female,56,2023-09-08,2023-08-15,629.66,3,7.5,0,0,0,571,595,629.66,3,22.5
321,Female,44,2022-07-29,2023-09-26,159.16,3,5.5,1,0,0,977,553,159.16,3,16.5
322,Male,27,2023-09-15,2023-04-30,266.83,9,6.0,2,1,0,564,702,266.83,9,54.0
323,Female,43,2023-09-08,2024-01-16,64.99,7,5.3,3,1,1,571,441,64.99,7,37.1
324,Female,36,2023-11-14,2023-03-30,99.93,4,3.4,2,0,0,504,733,99.93,4,13.6
325,Female,56,2023-04-05,2023-11-25,571.47,5,7.4,1,0,0,727,493,571.47,5,37.0
326,Female,20,2022-12-22,2023-03-09,100.1,3,8.5,0,0,0,831,754,100.1,3,25.5
327,Male,62,2022-11-20,2024-02-02,372.39,4,8.3,1,0,0,863,424,372.39,4,33.2
328,Male,30,2022-05-13,2023-12-23,617.3,5,9.0,0,1,0,1054,465,617.3,5,45.0
329,Female,67,2022-05-07,2023-04-08,56.52,4,7.8,1,1,0,1060,724,56.52,4,31.2
330,Female,45,2022-04-16,2023-09-24,418.87,4,5.7,1,1,0,1081,555,418.87,4,22.8
331,Male,37,2023-08-27,2023-04-15,148.24,8,9.1,2,1,0,583,717,148.24,8,72.8
332,Male,45,2023-01-13,2024-03-15,1647.43,7,3.6,3,1,1,809,382,1647.43,7,25.2
333,Female,25,2022-02-20,2023-11-19,330.38,4,4.7,0,0,0,1136,499,330.38,4,18.8
334,Male,58,2022-01-29,2023-05-03,819.93,5,4.6,1,1,0,1158,699,819.93,5,23.0
335,Female,56,2023-04-07,2023-01-29,399.51,6,9.7,1,1,0,725,793,399.51,6,58.199999999999996
336,Female,18,2022-10-23,2023-05-17,22.19,4,9.4,0,1,0,891,685,22.19,4,37.6
337,Male,20,2022-10-24,2023-07-14,501.4,3,8.2,0,0,1,890,627,501.4,3,24.599999999999998
338,Male,30,2023-12-27,2024-02-13,1512.1,7,9.7,0,1,1,461,413,1512.1,7,67.89999999999999
339,Female,45,2023-02-11,2023-08-14,460.16,9,4.8,2,1,0,780,596,460.16,9,43.199999999999996
340,Female,66,2023-09-05,2023-11-28,855.15,9,7.9,1,1,1,574,490,855.15,9,71.10000000000001
341,Male,42,2023-02-09,2023-06-19,1077.97,7,6.7,1,0,0,782,652,1077.97,7,46.9
342,Female,50,2022-12-12,2023-01-09,129.44,7,9.1,4,1,0,841,813,129.44,7,63.699999999999996
343,Male,55,2023-09-14,2023-02-09,119.16,7,6.7,3,1,0,565,782,119.16,7,46.9
344,Female,23,2023-02-24,2023-01-25,472.06,9,6.0,0,1,0,767,797,472.06,9,54.0
345,Male,61,2022-07-01,2023-09-18,264.69,6,8.4,1,1,0,1005,561,264.69,6,50.400000000000006
346,Male,62,2022-01-01,2024-01-30,915.86,3,9.2,1,0,1,1186,427,915.86,3,27.599999999999998
347,Male,49,2023-07-21,2024-03-18,1151.41,7,5.3,1,0,0,620,379,1151.41,7,37.1
348,Female,62,2023-01-06,2023-08-14,218.03,2,6.8,0,1,1,816,596,218.03,2,13.6
349,Female,64,2023-10-23,2023-05-04,135.16,3,4.4,2,1,1,526,698,135.16,3,13.200000000000001
350,Male,38,2023-03-07,2023-02-07,758.26,5,0.8,1,0,0,756,784,758.26,5,4.0
351,Female,33,2022-11-05,2023-11-24,160.66,5,7.5,1,1,0,878,494,160.66,5,37.5
352,Male,38,2022-05-17,2023-09-08,864.71,6,8.5,1,1,0,1050,571,864.71,6,51.0
353,Male,28,2022-07-21,2024-01-24,275.6,8,7.7,1,0,1,985,433,275.6,8,61.6
354,Female,54,2023-03-12,2023-06-25,550.63,5,2.1,1,1,0,751,646,550.63,5,10.5
355,Female,53,2022-11-09,2023-03-31,50.21,6,6.1,0,1,0,874,732,50.21,6,36.599999999999994
356,Male,52,2022-04-27,2024-02-06,488.9,7,1.5,1,1,0,1070,420,488.9,7,10.5
357,Female,36,2023-10-28,2024-03-29,300.53,0,10.4,0,1,0,521,368,300.53,0,0.0
358,Female,37,2023-07-29,2023-02-06,441.68,3,4.3,1,1,0,612,785,441.68,3,12.899999999999999
359,Male,35,2022-09-01,2023-11-12,91.97,7,10.1,0,0,0,943,506,91.97,7,70.7
360,Male,64,2023-06-21,2023-06-25,667.56,4,9.4,4,1,0,650,646,667.56,4,37.6
361,Female,58,2023-08-25,2023-10-11,993.15,7,4.7,0,0,0,585,538,993.15,7,32.9
362,Male,66,2022-03-16,2024-03-28,122.15,7,4.2,3,1,0,1112,369,122.15,7,29.400000000000002
363,Male,31,2023-01-21,2023-03-22,50.31,10,7.9,0,0,0,801,741,50.31,10,79.0
364,Female,32,2022-07-29,2023-04-24,11.96,3,4.9,3,1,0,977,708,11.96,3,14.700000000000001
365,Male,48,2023-04-20,2023-02-09,513.57,4,7.3,0,1,0,712,782,513.57,4,29.2
366,Male,18,2023-02-22,2023-10-28,467.09,4,5.8,0,1,0,769,521,467.09,4,23.2
367,Female,20,2022-12-13,2023-08-12,395.6,6,2.5,1,0,0,840,598,395.6,6,15.0
368,Female,33,2023-06-13,2023-11-14,131.95,9,1.4,0,1,0,658,504,131.95,9,12.6
369,Male,40,2023-10-02,2023-12-15,247.89,7,7.6,1,1,0,547,473,247.89,7,53.199999999999996
370,Male,28,2022-06-28,2023-04-25,451.29,5,5.6,1,1,0,1008,707,451.29,5,28.0
371,Female,29,2022-07-01,2023-07-05,343.35,6,5.6,4,0,0,1005,636,343.35,6,33.599999999999994
372,Female,27,2023-10-26,2023-11-19,2202.57,5,8.7,0,1,0,523,499,2202.57,5,43.5
373,Female,49,2022-01-25,2023-02-25,73.35,6,9.9,0,1,1,1162,766,73.35,6,59.400000000000006
374,Female,33,2022-06-29,2023-02-09,593.96,6,6.3,2,0,1,1007,782,593.96,6,37.8
375,Male,25,2023-12-11,2023-12-20,259.02,9,6.1,1,1,1,477,468,259.02,9,54.9
376,Female,55,2023-05-16,2023-02-09,279.48,4,8.3,2,1,1,686,782,279.48,4,33.2
377,Female,29,2022-06-10,2023-12-13,632.21,7,3.6,1,1,0,1026,475,632.21,7,25.2
378,Male,41,2022-06-26,2023-08-25,589.54,5,7.6,1,1,0,1010,585,589.54,5,38.0
379,Female,45,2022-10-12,2023-10-16,2369.69,5,8.4,0,1,0,902,533,2369.69,5,42.0
380,Male,25,2022-03-04,2023-09-19,68.71,7,8.7,1,1,0,1124,560,68.71,7,60.89999999999999
381,Female,45,2023-10-24,2023-08-04,54.97,6,2.2,1,1,0,525,606,54.97,6,13.200000000000001
382,Female,53,2023-10-28,2023-05-27,644.29,8,5.1,0,1,1,521,675,644.29,8,40.8
383,Female,43,2022-06-05,2023-12-02,431.83,5,4.8,2,1,0,1031,486,431.83,5,24.0
384,Male,25,2023-04-14,2023-06-17,160.21,6,7.2,0,1,0,718,654,160.21,6,43.2
385,Male,67,2022-02-18,2023-04-02,41.38,6,8.2,2,0,0,1138,730,41.38,6,49.199999999999996
386,Female,45,2022-03-25,2023-12-19,44.78,10,10.7,0,1,0,1103,469,44.78,10,107.0
387,Male,45,2022-12-27,2023-02-28,1123.06,5,5.8,0,1,0,826,763,1123.06,5,29.0
388,Male,54,2023-11-20,2023-02-28,106.51,4,5.8,1,0,1,498,763,106.51,4,23.2
389,Male,58,2022-05-28,2023-10-31,195.32,3,9.9,0,0,0,1039,518,195.32,3,29.700000000000003
390,Male,53,2023-09-22,2023-06-18,128.52,6,7.7,2,1,1,557,653,128.52,6,46.2
391,Male,44,2022-12-08,2023-09-26,219.25,3,10.2,1,1,0,845,553,219.25,3,30.599999999999998
392,Male,34,2023-04-21,2023-12-29,35.98,4,7.7,0,1,1,711,459,35.98,4,30.8
393,Female,26,2022-03-04,2023-02-14,366.01,4,4.1,0,1,0,1124,777,366.01,4,16.4
394,Female,50,2023-12-02,2023-12-11,35.0,5,3.7,1,0,0,486,477,35.0,5,18.5
395,Male,37,2022-12-26,2023-06-30,805.61,7,3.1,2,1,0,827,641,805.61,7,21.7
396,Female,30,2023-07-15,2023-06-19,133.1,3,8.7,1,1,1,626,652,133.1,3,26.099999999999998
397,Female,45,2022-11-23,2023-12-22,388.28,5,10.0,3,1,1,860,466,388.28,5,50.0
398,Female,65,2022-05-21,2023-07-10,1060.46,5,11.6,1,0,0,1046,631,1060.46,5,58.0
399,Female,46,2022-08-03,2023-06-04,526.17,4,9.1,1,1,0,972,667,526.17,4,36.4
400,Male,30,2023-03-11,2024-02-26,380.67,7,9.9,0,0,1,752,400,380.67,7,69.3
401,Female,63,2023-12-24,2023-07-07,196.03,9,5.5,1,1,0,464,634,196.03,9,49.5
402,Female,52,2022-11-14,2023-01-07,202.48,8,4.1,0,1,0,869,815,202.48,8,32.8
403,Male,23,2022-02-01,2023-05-13,553.55,7,9.1,1,1,0,1155,689,553.55,7,63.699999999999996
404,Male,35,2023-11-01,2023-08-23,2569.75,8,8.0,1,0,0,517,587,2569.75,8,64.0
405,Female,68,2022-10-12,2023-02-14,542.12,7,7.3,0,1,1,902,777,542.12,7,51.1
406,Female,22,2022-11-01,2023-11-10,407.98,5,8.0,0,1,1,882,508,407.98,5,40.0
407,Female,64,2023-03-05,2023-09-06,655.87,10,7.8,2,1,0,758,573,655.87,10,78.0
408,Female,42,2023-04-22,2023-01-31,312.94,5,10.2,1,1,0,710,791,312.94,5,51.0
409,Female,19,2022-10-13,2023-01-23,31.01,4,10.2,2,1,1,901,799,31.01,4,40.8
410,Female,27,2022-05-24,2024-03-01,413.11,5,8.4,0,1,0,1043,396,413.11,5,42.0
411,Male,47,2023-02-28,2024-01-29,1580.6,4,9.1,2,1,1,763,428,1580.6,4,36.4
412,Female,67,2022-01-19,2023-06-09,96.37,10,8.3,2,1,0,1168,662,96.37,10,83.0
413,Female,62,2022-01-18,2023-12-29,585.6,5,5.8,0,0,0,1169,459,585.6,5,29.0
414,Male,22,2023-08-13,2024-03-12,112.16,3,8.9,0,1,1,597,385,112.16,3,26.700000000000003
415,Male,50,2023-01-06,2023-06-07,383.75,5,3.5,1,1,0,816,664,383.75,5,17.5
416,Male,18,2022-06-24,2023-02-08,50.84,5,9.6,1,0,0,1012,783,50.84,5,48.0
417,Male,35,2022-07-13,2024-02-19,299.26,10,4.0,1,1,0,993,407,299.26,10,40.0
418,Female,49,2023-05-17,2023-03-23,705.63,4,7.7,1,1,0,685,740,705.63,4,30.8
419,Female,64,2022-04-23,2023-12-22,213.53,8,4.9,2,1,0,1074,466,213.53,8,39.2
420,Female,66,2022-04-24,2023-09-15,546.68,10,8.4,2,1,1,1073,564,546.68,10,84.0
421,Female,28,2022-08-10,2023-07-25,793.47,8,6.9,1,0,1,965,616,793.47,8,55.2
422,Female,38,2023-11-09,2023-03-18,1309.87,9,3.0,0,1,0,509,745,1309.87,9,27.0
423,Female,43,2023-10-06,2023-01-12,133.71,5,8.1,1,0,0,543,810,133.71,5,40.5
424,Male,42,2022-09-21,2023-10-22,254.84,8,5.6,1,1,0,923,527,254.84,8,44.8
425,Female,39,2022-02-24,2024-03-25,82.68,8,9.2,2,0,0,1132,372,82.68,8,73.6
426,Male,44,2023-10-05,2023-08-12,2445.33,11,7.0,1,0,0,544,598,2445.33,11,77.0
427,Male,66,2023-04-03,2023-01-13,1308.65,6,8.0,2,1,1,729,809,1308.65,6,48.0
428,Female,30,2022-06-11,2023-02-15,388.22,7,4.6,0,1,0,1025,776,388.22,7,32.199999999999996
429,Male,50,2023-01-15,2023-06-04,922.69,10,5.5,2,1,1,807,667,922.69,10,55.0
430,Female,51,2022-03-28,2023-04-23,367.98,6,5.9,2,1,0,1100,709,367.98,6,35.400000000000006
431,Male,58,2022-02-24,2023-08-21,488.53,8,9.1,1,0,0,1132,589,488.53,8,72.8
432,Female,52,2023-04-21,2023-01-17,46.67,1,11.2,0,0,0,711,805,46.67,1,11.2
433,Male,18,2022-06-27,2023-12-26,703.8,8,5.0,0,1,0,1009,462,703.8,8,40.0
434,Female,38,2023-01-26,2023-08-11,68.32,4,9.7,1,0,0,796,599,68.32,4,38.8
435,Female,65,2022-12-15,2023-12-20,874.54,8,1.6,0,1,1,838,468,874.54,8,12.8
436,Female,23,2022-01-08,2023-07-07,761.69,9,4.0,0,1,0,1179,634,761.69,9,36.0
437,Female,45,2022-11-09,2024-03-23,616.78,3,4.6,0,1,1,874,374,616.78,3,13.799999999999999
438,Female,34,2023-03-19,2023-12-10,18.42,0,3.6,1,1,0,744,478,18.42,0,0.0
439,Male,22,2022-11-24,2023-12-31,180.58,5,3.0,0,1,1,859,457,180.58,5,15.0
440,Male,48,2022-02-23,2023-06-12,152.66,6,8.0,3,1,0,1133,659,152.66,6,48.0
441,Male,22,2022-08-27,2023-11-22,223.25,3,6.5,1,0,1,948,496,223.25,3,19.5
442,Female,55,2022-08-17,2024-02-18,45.86,3,7.9,0,0,0,958,408,45.86,3,23.700000000000003
443,Male,20,2023-08-02,2024-03-30,1381.98,4,8.7,0,1,1,608,367,1381.98,4,34.8
444,Female,40,2022-02-20,2023-03-15,403.5,5,7.7,1,1,1,1136,748,403.5,5,38.5
445,Female,54,2023-09-01,2023-08-21,182.3,9,8.6,0,1,0,578,589,182.3,9,77.39999999999999
446,Male,54,2023-08-27,2023-08-12,252.9,2,6.8,0,1,0,583,598,252.9,2,13.6
447,Male,27,2022-09-21,2023-11-15,296.38,5,4.0,2,0,0,923,503,296.38,5,20.0
448,Female,27,2023-02-22,2024-02-16,458.89,3,9.6,1,1,1,769,410,458.89,3,28.799999999999997
449,Male,36,2022-04-06,2023-03-01,362.5,7,5.5,1,1,0,1091,762,362.5,7,38.5
450,Female,34,2022-03-29,2023-12-01,1259.08,3,4.7,1,0,0,1099,487,1259.08,3,14.100000000000001
451,Female,38,2022-03-19,2023-08-10,343.55,5,6.6,1,1,0,1109,600,343.55,5,33.0
452,Female,31,2022-10-15,2023-02-06,2424.13,4,4.7,1,0,0,899,785,2424.13,4,18.8
453,Female,26,2022-04-30,2023-10-05,953.33,6,6.0,1,1,1,1067,544,953.33,6,36.0
454,Female,63,2023-05-06,2023-07-15,116.92,8,7.9,1,1,0,696,626,116.92,8,63.2
455,Male,18,2023-03-28,2024-02-08,1333.9,5,7.9,2,1,0,735,418,1333.9,5,39.5
456,Male,68,2023-05-15,2023-12-18,61.86,7,4.8,2,1,1,687,470,61.86,7,33.6
457,Female,62,2022-06-14,2023-08-30,850.36,4,5.8,1,1,0,1022,580,850.36,4,23.2
458,Female,30,2022-07-01,2023-11-20,239.52,5,9.7,2,1,0,1005,498,239.52,5,48.5
459,Male,21,2023-04-14,2023-08-07,1051.76,6,8.2,0,1,0,718,603,1051.76,6,49.199999999999996
460,Male,18,2022-01-07,2023-07-11,1012.69,8,12.2,2,1,0,1180,630,1012.69,8,97.6
461,Female,66,2022-11-26,2023-01-17,819.76,5,10.0,1,1,0,857,805,819.76,5,50.0
462,Male,57,2023-11-04,2023-01-12,780.4,5,9.9,1,0,1,514,810,780.4,5,49.5
463,Female,49,2022-05-31,2024-02-10,181.69,7,3.5,0,1,0,1036,416,181.69,7,24.5
464,Male,51,2022-03-26,2024-02-05,42.19,5,8.9,3,0,0,1102,421,42.19,5,44.5
465,Female,45,2022-05-27,2024-01-29,257.9,4,6.9,0,0,0,1040,428,257.9,4,27.6
466,Male,48,2023-09-16,2024-01-09,95.29,4,5.6,1,1,0,563,448,95.29,4,22.4
467,Female,25,2023-01-16,2023-07-12,593.64,3,7.4,0,1,1,806,629,593.64,3,22.200000000000003
468,Male,56,2023-07-02,2023-01-22,212.4,6,9.4,1,0,0,639,800,212.4,6,56.400000000000006
469,Male,43,2022-10-12,2023-04-30,1856.8,8,8.3,1,1,0,902,702,1856.8,8,66.4
470,Female,51,2023-12-01,2023-07-29,512.18,7,4.8,1,1,0,487,612,512.18,7,33.6
471,Male,20,2022-03-23,2023-11-02,864.34,8,8.9,0,1,0,1105,516,864.34,8,71.2
472,Female,67,2023-05-29,2023-09-27,71.08,10,5.4,0,0,0,673,552,71.08,10,54.0
473,Male,29,2023-12-10,2023-07-11,990.3,7,7.5,2,1,0,478,630,990.3,7,52.5
474,Female,18,2023-06-07,2023-06-24,1280.4,8,6.2,0,1,0,664,647,1280.4,8,49.6
475,Male,61,2023-01-21,2023-10-12,333.8,10,6.5,1,1,1,801,537,333.8,10,65.0
476,Female,22,2023-12-08,2023-07-23,466.02,4,8.9,0,0,0,480,618,466.02,4,35.6
477,Male,47,2023-04-16,2023-06-13,723.68,0,4.4,2,0,1,716,658,723.68,0,0.0
478,Female,47,2022-04-29,2023-09-08,96.09,6,11.9,0,1,1,1068,571,96.09,6,71.4
479,Male,34,2023-01-31,2023-08-15,349.15,8,2.4,1,1,0,791,595,349.15,8,19.2
480,Female,65,2023-06-16,2024-03-11,254.3,8,5.5,0,0,0,655,386,254.3,8,44.0
481,Female,64,2022-09-18,2024-01-16,79.13,6,7.9,2,0,0,926,441,79.13,6,47.400000000000006
482,Female,40,2022-09-13,2023-01-07,229.06,5,8.5,2,1,0,931,815,229.06,5,42.5
483,Male,32,2022-08-14,2023-01-29,35.3,10,6.7,2,0,1,961,793,35.3,10,67.0
484,Female,54,2022-02-22,2024-01-30,13.08,6,6.9,1,1,0,1134,427,13.08,6,41.400000000000006
485,Male,38,2023-05-15,2023-02-02,72.61,11,8.0,0,0,0,687,789,72.61,11,88.0
486,Female,31,2023-05-21,2023-05-14,1649.98,6,6.4,0,0,0,681,688,1649.98,6,38.400000000000006
487,Male,19,2022-12-30,2024-01-02,398.73,9,10.5,2,1,0,823,455,398.73,9,94.5
488,Female,28,2022-10-07,2023-03-20,1688.09,5,9.1,1,1,0,907,743,1688.09,5,45.5
489,Male,68,2023-08-16,2024-02-20,283.26,7,9.2,0,1,1,594,406,283.26,7,64.39999999999999
490,Male,56,2023-12-15,2024-03-10,186.85,3,4.6,0,1,0,473,387,186.85,3,13.799999999999999
491,Female,55,2022-06-07,2023-02-27,352.75,5,6.8,0,1,1,1029,764,352.75,5,34.0
492,Male,51,2023-09-24,2023-01-26,289.47,3,6.2,0,1,0,555,796,289.47,3,18.6
493,Male,55,2022-02-28,2024-03-05,55.84,3,4.5,3,0,0,1128,392,55.84,3,13.5
494,Female,67,2023-12-28,2023-08-14,511.97,4,7.9,1,1,0,460,596,511.97,4,31.6
495,Male,51,2022-05-08,2023-10-12,121.7,5,5.7,0,1,0,1059,537,121.7,5,28.5
496,Male,35,2023-12-22,2023-01-04,483.25,9,8.6,2,1,0,466,818,483.25,9,77.39999999999999
497,Male,47,2022-04-25,2023-04-09,525.2,5,4.3,1,0,1,1072,723,525.2,5,21.5
498,Female,32,2022-07-28,2024-02-01,82.45,9,11.3,1,1,1,978,425,82.45,9,101.7
499,Male,44,2023-06-10,2023-02-08,31.66,4,4.8,1,1,0,661,783,31.66,4,19.2
500,Female,68,2023-06-05,2023-09-28,758.8,11,7.5,0,1,0,666,551,758.8,11,82.5
